Type,Top-Left,Bottom-Right
Person,"(140.4022988505747, 1.4942528735632312)","(248.44827586206895, 277.35632183908046)"
Shelf,"(431.2068965517242, 0.9195402298850703)","(599.0229885057471, 268.16091954022994)"
Shelf,"(600.1724137931034, 1.4942528735632312)","(639.0, 290.5747126436782)"
Line,"(257.0689655172414, 257.2413793103449)","(438.63855636948364, 479.0)"
